{
  "project_info": {
    "project_number": "1028202695412",
    "project_id": "my-app-a82e5",
    "storage_bucket": "my-app-a82e5.firebasestorage.app"
  },
  "client": [
    {
      "client_info": {
        "mobilesdk_app_id": "1:1028202695412:android:85baa987ba75f422b1aca1",
        "android_client_info": {
          "package_name": "com.example.newpaperpractice"
        }
      },
      "oauth_client": [],
      "api_key": [
        {
          "current_key": "AIzaSyCHLQMsK4WgBn3eIS751jtWbCV0j0wnDEQ"
        }
      ],
      "services": {
        "appinvite_service": {
          "other_platform_oauth_client": []
        }
      }
    }
  ],
  "configuration_version": "1"
}